Requesting ;list element ;purpose ;date;Attach;code
Saudi Health Council;code,Tenders,Prices;Assisting in linking the number of suppliers in competitions with the number of manufacturers registered with the Food and Drug Authority;16/11/22;file:///C:/Users/nadaa/Downloads/Git+Commands+Documentation.html;1
Saudi Health Council;code,Tenders,Prices;Assisting in linking the number of suppliers in competitions with the number of manufacturers registered with the Food and Drug Authority;17/11/22;file:///C:/Users/nadaa/Downloads/Git+Commands+Documentation.html;2
Saudi Health Council;code,Tenders,Prices;Assisting in linking the number of suppliers in competitions with the number of manufacturers registered with the Food and Drug Authority;18/11/22;file:///C:/Users/nadaa/Downloads/Git+Commands+Documentation.html;3
Saudi Health Council;code,Tenders,Prices;Assisting in linking the number of suppliers in competitions with the number of manufacturers registered with the Food and Drug Authority;19/11/22;file:///C:/Users/nadaa/Downloads/Git+Commands+Documentation.html;4
Saudi Health Council;code,Tenders,Prices;Assisting in linking the number of suppliers in competitions with the number of manufacturers registered with the Food and Drug Authority;20/11/22;file:///C:/Users/nadaa/Downloads/Git+Commands+Documentation.html;5
Saudi Health Council;code,Tenders,Prices;Assisting in linking the number of suppliers in competitions with the number of manufacturers registered with the Food and Drug Authority;21/11/22;file:///C:/Users/nadaa/Downloads/Git+Commands+Documentation.html;6
Saudi Health Council;code,Tenders,Prices;Assisting in linking the number of suppliers in competitions with the number of manufacturers registered with the Food and Drug Authority;22/11/22;file:///C:/Users/nadaa/Downloads/Git+Commands+Documentation.html;7
Saudi Health Council;code,Tenders,Prices;Assisting in linking the number of suppliers in competitions with the number of manufacturers registered with the Food and Drug Authority;23/11/22;file:///C:/Users/nadaa/Downloads/Git+Commands+Documentation.html;8
Saudi Health Council;code,Tenders,Prices;Assisting in linking the number of suppliers in competitions with the number of manufacturers registered with the Food and Drug Authority;24/11/22;file:///C:/Users/nadaa/Downloads/Git+Commands+Documentation.html;9
Saudi Health Council;code,Tenders,Prices;Assisting in linking the number of suppliers in competitions with the number of manufacturers registered with the Food and Drug Authority;25/11/22;file:///C:/Users/nadaa/Downloads/Git+Commands+Documentation.html;10
Saudi Health Council;code,Tenders,Prices;Assisting in linking the number of suppliers in competitions with the number of manufacturers registered with the Food and Drug Authority;26/11/22;file:///C:/Users/nadaa/Downloads/Git+Commands+Documentation.html;11
Saudi Health Council;code,Tenders,Prices;Assisting in linking the number of suppliers in competitions with the number of manufacturers registered with the Food and Drug Authority;27/11/22;file:///C:/Users/nadaa/Downloads/Git+Commands+Documentation.html;12
Saudi Health Council;code,Tenders,Prices;Assisting in linking the number of suppliers in competitions with the number of manufacturers registered with the Food and Drug Authority;28/11/22;file:///C:/Users/nadaa/Downloads/Git+Commands+Documentation.html;13
Saudi Health Council;code,Tenders,Prices;Assisting in linking the number of suppliers in competitions with the number of manufacturers registered with the Food and Drug Authority;29/11/22;file:///C:/Users/nadaa/Downloads/Git+Commands+Documentation.html;14
Saudi Health Council;code,Tenders,Prices;Assisting in linking the number of suppliers in competitions with the number of manufacturers registered with the Food and Drug Authority;30/11/22;file:///C:/Users/nadaa/Downloads/Git+Commands+Documentation.html;15
Saudi Health Council;code,Tenders,Prices;Assisting in linking the number of suppliers in competitions with the number of manufacturers registered with the Food and Drug Authority;01/12/22;file:///C:/Users/nadaa/Downloads/Git+Commands+Documentation.html;16
Saudi Health Council;code,Tenders,Prices;Assisting in linking the number of suppliers in competitions with the number of manufacturers registered with the Food and Drug Authority;02/12/22;file:///C:/Users/nadaa/Downloads/Git+Commands+Documentation.html;17
Saudi Health Council;code,Tenders,Prices;Assisting in linking the number of suppliers in competitions with the number of manufacturers registered with the Food and Drug Authority;03/12/22;file:///C:/Users/nadaa/Downloads/Git+Commands+Documentation.html;18
Saudi Health Council;code,Tenders,Prices;Assisting in linking the number of suppliers in competitions with the number of manufacturers registered with the Food and Drug Authority;04/12/22;file:///C:/Users/nadaa/Downloads/Git+Commands+Documentation.html;19
Saudi Health Council;code,Tenders,Prices;Assisting in linking the number of suppliers in competitions with the number of manufacturers registered with the Food and Drug Authority;05/12/22;file:///C:/Users/nadaa/Downloads/Git+Commands+Documentation.html;20
Saudi Health Council;code,Tenders,Prices;Assisting in linking the number of suppliers in competitions with the number of manufacturers registered with the Food and Drug Authority;06/12/22;file:///C:/Users/nadaa/Downloads/Git+Commands+Documentation.html;21
Saudi Health Council;code,Tenders,Prices;Assisting in linking the number of suppliers in competitions with the number of manufacturers registered with the Food and Drug Authority;07/12/22;file:///C:/Users/nadaa/Downloads/Git+Commands+Documentation.html;22
Saudi Health Council;code,Tenders,Prices;Assisting in linking the number of suppliers in competitions with the number of manufacturers registered with the Food and Drug Authority;08/12/22;file:///C:/Users/nadaa/Downloads/Git+Commands+Documentation.html;23
Saudi Health Council;code,Tenders,Prices;Assisting in linking the number of suppliers in competitions with the number of manufacturers registered with the Food and Drug Authority;09/12/22;file:///C:/Users/nadaa/Downloads/Git+Commands+Documentation.html;24
Saudi Health Council;code,Tenders,Prices;Assisting in linking the number of suppliers in competitions with the number of manufacturers registered with the Food and Drug Authority;10/12/22;file:///C:/Users/nadaa/Downloads/Git+Commands+Documentation.html;25
Saudi Health Council;code,Tenders,Prices;Assisting in linking the number of suppliers in competitions with the number of manufacturers registered with the Food and Drug Authority;11/12/22;file:///C:/Users/nadaa/Downloads/Git+Commands+Documentation.html;26
Saudi Health Council;code,Tenders,Prices;Assisting in linking the number of suppliers in competitions with the number of manufacturers registered with the Food and Drug Authority;12/12/22;file:///C:/Users/nadaa/Downloads/Git+Commands+Documentation.html;27
Saudi Health Council;code,Tenders,Prices;Assisting in linking the number of suppliers in competitions with the number of manufacturers registered with the Food and Drug Authority;13/12/22;file:///C:/Users/nadaa/Downloads/Git+Commands+Documentation.html;28
Saudi Health Council;code,Tenders,Prices;Assisting in linking the number of suppliers in competitions with the number of manufacturers registered with the Food and Drug Authority;14/12/22;file:///C:/Users/nadaa/Downloads/Git+Commands+Documentation.html;29
Saudi Health Council;code,Tenders,Prices;Assisting in linking the number of suppliers in competitions with the number of manufacturers registered with the Food and Drug Authority;15/12/22;file:///C:/Users/nadaa/Downloads/Git+Commands+Documentation.html;30
Saudi Health Council;code,Tenders,Prices;Assisting in linking the number of suppliers in competitions with the number of manufacturers registered with the Food and Drug Authority;16/12/22;file:///C:/Users/nadaa/Downloads/Git+Commands+Documentation.html;31
Saudi Health Council;code,Tenders,Prices;Assisting in linking the number of suppliers in competitions with the number of manufacturers registered with the Food and Drug Authority;17/12/22;file:///C:/Users/nadaa/Downloads/Git+Commands+Documentation.html;32
Saudi Health Council;code,Tenders,Prices;Assisting in linking the number of suppliers in competitions with the number of manufacturers registered with the Food and Drug Authority;18/12/22;file:///C:/Users/nadaa/Downloads/Git+Commands+Documentation.html;33
Saudi Health Council;code,Tenders,Prices;Assisting in linking the number of suppliers in competitions with the number of manufacturers registered with the Food and Drug Authority;19/12/22;file:///C:/Users/nadaa/Downloads/Git+Commands+Documentation.html;34
Saudi Health Council;code,Tenders,Prices;Assisting in linking the number of suppliers in competitions with the number of manufacturers registered with the Food and Drug Authority;20/12/22;file:///C:/Users/nadaa/Downloads/Git+Commands+Documentation.html;35
Saudi Health Council;code,Tenders,Prices;Assisting in linking the number of suppliers in competitions with the number of manufacturers registered with the Food and Drug Authority;21/12/22;file:///C:/Users/nadaa/Downloads/Git+Commands+Documentation.html;36
Saudi Health Council;code,Tenders,Prices;Assisting in linking the number of suppliers in competitions with the number of manufacturers registered with the Food and Drug Authority;22/12/22;file:///C:/Users/nadaa/Downloads/Git+Commands+Documentation.html;37
Saudi Health Council;code,Tenders,Prices;Assisting in linking the number of suppliers in competitions with the number of manufacturers registered with the Food and Drug Authority;23/12/22;file:///C:/Users/nadaa/Downloads/Git+Commands+Documentation.html;38
Saudi Health Council;code,Tenders,Prices;Assisting in linking the number of suppliers in competitions with the number of manufacturers registered with the Food and Drug Authority;24/12/22;file:///C:/Users/nadaa/Downloads/Git+Commands+Documentation.html;39
Saudi Health Council;code,Tenders,Prices;Assisting in linking the number of suppliers in competitions with the number of manufacturers registered with the Food and Drug Authority;25/12/22;file:///C:/Users/nadaa/Downloads/Git+Commands+Documentation.html;40
Saudi Health Council;code,Tenders,Prices;Assisting in linking the number of suppliers in competitions with the number of manufacturers registered with the Food and Drug Authority;26/12/22;file:///C:/Users/nadaa/Downloads/Git+Commands+Documentation.html;41
Saudi Health Council;code,Tenders,Prices;Assisting in linking the number of suppliers in competitions with the number of manufacturers registered with the Food and Drug Authority;27/12/22;file:///C:/Users/nadaa/Downloads/Git+Commands+Documentation.html;42
Saudi Health Council;code,Tenders,Prices;Assisting in linking the number of suppliers in competitions with the number of manufacturers registered with the Food and Drug Authority;28/12/22;file:///C:/Users/nadaa/Downloads/Git+Commands+Documentation.html;43
Saudi Health Council;code,Tenders,Prices;Assisting in linking the number of suppliers in competitions with the number of manufacturers registered with the Food and Drug Authority;29/12/22;file:///C:/Users/nadaa/Downloads/Git+Commands+Documentation.html;44
Saudi Health Council;code,Tenders,Prices;Assisting in linking the number of suppliers in competitions with the number of manufacturers registered with the Food and Drug Authority;30/12/22;file:///C:/Users/nadaa/Downloads/Git+Commands+Documentation.html;45
Saudi Health Council;code,Tenders,Prices;Assisting in linking the number of suppliers in competitions with the number of manufacturers registered with the Food and Drug Authority;31/12/22;file:///C:/Users/nadaa/Downloads/Git+Commands+Documentation.html;46
Saudi Health Council;code,Tenders,Prices;Assisting in linking the number of suppliers in competitions with the number of manufacturers registered with the Food and Drug Authority;01/01/23;file:///C:/Users/nadaa/Downloads/Git+Commands+Documentation.html;47
Saudi Health Council;code,Tenders,Prices;Assisting in linking the number of suppliers in competitions with the number of manufacturers registered with the Food and Drug Authority;02/01/23;file:///C:/Users/nadaa/Downloads/Git+Commands+Documentation.html;48
Saudi Health Council;code,Tenders,Prices;Assisting in linking the number of suppliers in competitions with the number of manufacturers registered with the Food and Drug Authority;03/01/23;file:///C:/Users/nadaa/Downloads/Git+Commands+Documentation.html;49
Saudi Health Council;code,Tenders,Prices;Assisting in linking the number of suppliers in competitions with the number of manufacturers registered with the Food and Drug Authority;04/01/23;file:///C:/Users/nadaa/Downloads/Git+Commands+Documentation.html;50
Saudi Health Council;code,Tenders,Prices;Assisting in linking the number of suppliers in competitions with the number of manufacturers registered with the Food and Drug Authority;05/01/23;file:///C:/Users/nadaa/Downloads/Git+Commands+Documentation.html;51
Saudi Health Council;code,Tenders,Prices;Assisting in linking the number of suppliers in competitions with the number of manufacturers registered with the Food and Drug Authority;06/01/23;file:///C:/Users/nadaa/Downloads/Git+Commands+Documentation.html;52
Saudi Health Council;code,Tenders,Prices;Assisting in linking the number of suppliers in competitions with the number of manufacturers registered with the Food and Drug Authority;07/01/23;file:///C:/Users/nadaa/Downloads/Git+Commands+Documentation.html;53
Saudi Health Council;code,Tenders,Prices;Assisting in linking the number of suppliers in competitions with the number of manufacturers registered with the Food and Drug Authority;08/01/23;file:///C:/Users/nadaa/Downloads/Git+Commands+Documentation.html;54
Saudi Health Council;code,Tenders,Prices;Assisting in linking the number of suppliers in competitions with the number of manufacturers registered with the Food and Drug Authority;09/01/23;file:///C:/Users/nadaa/Downloads/Git+Commands+Documentation.html;55
Saudi Health Council;code,Tenders,Prices;Assisting in linking the number of suppliers in competitions with the number of manufacturers registered with the Food and Drug Authority;10/01/23;file:///C:/Users/nadaa/Downloads/Git+Commands+Documentation.html;56
Saudi Health Council;code,Tenders,Prices;Assisting in linking the number of suppliers in competitions with the number of manufacturers registered with the Food and Drug Authority;11/01/23;file:///C:/Users/nadaa/Downloads/Git+Commands+Documentation.html;57
Saudi Health Council;code,Tenders,Prices;Assisting in linking the number of suppliers in competitions with the number of manufacturers registered with the Food and Drug Authority;12/01/23;file:///C:/Users/nadaa/Downloads/Git+Commands+Documentation.html;58
Saudi Health Council;code,Tenders,Prices;Assisting in linking the number of suppliers in competitions with the number of manufacturers registered with the Food and Drug Authority;13/01/23;file:///C:/Users/nadaa/Downloads/Git+Commands+Documentation.html;59
Saudi Health Council;code,Tenders,Prices;Assisting in linking the number of suppliers in competitions with the number of manufacturers registered with the Food and Drug Authority;14/01/23;file:///C:/Users/nadaa/Downloads/Git+Commands+Documentation.html;60
Saudi Health Council;code,Tenders,Prices;Assisting in linking the number of suppliers in competitions with the number of manufacturers registered with the Food and Drug Authority;15/01/23;file:///C:/Users/nadaa/Downloads/Git+Commands+Documentation.html;61
Saudi Health Council;code,Tenders,Prices;Assisting in linking the number of suppliers in competitions with the number of manufacturers registered with the Food and Drug Authority;16/01/23;file:///C:/Users/nadaa/Downloads/Git+Commands+Documentation.html;62
Saudi Health Council;code,Tenders,Prices;Assisting in linking the number of suppliers in competitions with the number of manufacturers registered with the Food and Drug Authority;17/01/23;file:///C:/Users/nadaa/Downloads/Git+Commands+Documentation.html;63
Saudi Health Council;code,Tenders,Prices;Assisting in linking the number of suppliers in competitions with the number of manufacturers registered with the Food and Drug Authority;18/01/23;file:///C:/Users/nadaa/Downloads/Git+Commands+Documentation.html;64
Saudi Health Council;code,Tenders,Prices;Assisting in linking the number of suppliers in competitions with the number of manufacturers registered with the Food and Drug Authority;19/01/23;file:///C:/Users/nadaa/Downloads/Git+Commands+Documentation.html;65
Saudi Health Council;code,Tenders,Prices;Assisting in linking the number of suppliers in competitions with the number of manufacturers registered with the Food and Drug Authority;20/01/23;file:///C:/Users/nadaa/Downloads/Git+Commands+Documentation.html;66
